ID,Sequence,Label
0,GGAPATSANAAGAAAIVGALAGIPGGPLGVVVGAVSAGLTTGIGSTVGSGSASSSAGGGS,1
1,ACVNQCPDAIDRFIVKDKGCHGVEKKYYKQVYVACMNGQHLYCRTEWGGPCQL,1
2,YRGGYTGPIPRPPPIGRPPFRPVCNACYRLSVSDARNCCIKFGSCCHLVK,1
3,GRRRRSVQWCAVSQPEATKCFQWQRNMRKVRGPPVSCIKRDSPIQCIQA,1
4,KSCCRNTWARNCYNVCRLPGTISREICAKKCDCKIISGTTCPSDYPK,1
5,RECKTESNTFPGICITKPPCRKACISEKFTDGHCSKILRRCLCTKPC,1
6,KSCCPNTTGRNIYNACRLTGAPRPTCAKLSGCKIISGSTCPSDYPK,1
7,KSCCPNTTGRNIYNTCRFGGGSREVCARISGCKIISASTCPSDYPK,1
8,KSCCPNTTGRNIYNTCRLTGSSRETCAKLSGCKIISASTCPSNYPK,1
9,KSCCPNTTGRNIYNTCRFAGGSRERCAKLSGCKIISASTCPSDYPK,1
10,KSCCPNTTGRNIYNTCRFGGGSRQVCASLSGCKIISASTCPSDYPK,1
11,KSCCPNTTGRNIYNTCRLGGGSRERCASLSGCKIISASTCPSDYPK,1
12,KSCCKNTTGRNIYNTCRFAGGSRERCAKLSGCKIISASTCPSDYPK,1
13,PMPVSQECFETLRGHERILSILRHQNLLKELQDLALQGAKERAHQQ,1
14,GIINTLQKYYCRVRGGRCAVLSCLPKEEQIGKCSTRGRKCCRRKK,1
15,FLPKTLRKFFCRIRGGRCAVLNCLGKEEQIGRCSNSGRKCCRKKK,1
16,CETPSKHFNGLCIRSSNCASVCHGEHFTDGRCQGVRRRCMCLKPC,1
17,SPRVRRRYGRPFGGRPFVGGQFGGRPGCVCIRSPCPCANYG,1
18,ATCDLLSKWNWNHTACAGHCIAKGFKGGYCNDKAVCVCRN,1
19,GWLKKIGKKIERVGQHTRDATIQTIGVAQQAANVAATLK,1
20,RRRPRPPYLPRPRPPPFFPPRLPPRIPPGFPPRFPPRFP,1
21,HSDGIFTDSYSRYRKQMAVKKYLAAVLGRRYRQRFRNK,1
22,SIFSLFKMGAKALGKTLLKQAGKAGAEYAACKATNQC,1
23,SILSLFKMGAKALGKTLIKQAGKAGAEYVACKATNQC,1
24,NLVSALIEGRKYLKNVLKKLNRLKEKNKAKNSKENN,1
25,GPKTKAACKMACKLATCGKKPGGWKCKLCELGCDAV,1
26,RWKIFKKIEKVGQNIRDGIVKAGPAVAVVGQAATI,1
27,GIKEMLCNMACAQTVCKKSGGPLCDTCQAACKALG,1
28,RWKLFKKIEKVGRNVRDGLIKAGPAIAVIGQAKSL,1
29,KRFKKFFKKVKKSVKKRLKKIFKKPMVIGVTIPF,1
30,CHTNGGYCVRAICPPSARRPGSCFPEKNPCCKYM,1
31,GLLRKGGEKIGEKLKKIGQKIKNFFQKLVPQPEQ,1
32,GLLRKGGEKIGEKLKKIGQKIKNFFQKLVPQPE,1
33,KRMGIFHLFWAGLRKLGNLIKNKIQQGIENFLG,1
34,GIPCAESCVWIPPCTITALMGCSCKNNVCYNN,1
35,GSIPCGESCVFIPCISSVIGCACKSKVCYKN,1
36,GSIPCGESCVFIPCISAVIGCSCSNKVCYKN,1
37,GSIPCGESCVFIPCISAIIGCSCSSKVCYKN,1
38,GSIPCEGSCVFIPCISAIIGCSCSNKVCYKN,1
39,GFLDIIKDTGKEFAVKILNNLKCKLAGGCPP,1
40,ALWKTMLKKLGTVALHAGKAALGAVADTISQ,1
41,GMWSKIKETAMAAAKEAAKAAGKTISDMIKQ,1
42,DCYCRIPACIAGERRYGTCIYQGRLWAFCC,1
43,KFFRKLKKSVKKRAKEFFKKPRVIGVSIPF,1
44,GLPVCGETCFGGTCNTPGCTCDPWPVCTRN,1
45,GIPCGESCVFIPCISSVIGCSCSSKVCYRN,1
46,GIPCGESCVFIPCLTSAIDCSCKSKVCYRN,1
47,GSVIKCGESCLLGKCYTPGCTCSRPICKKD,1
48,GTSCGETCVLLPCLSSVLGCTCQNKRCYKD,1
49,GVITDALKGAAKTVAAELLKKAHCKLTNSC,1
50,GFPCGESCVYIPCFTAAIGCSCKSKVCYKN,1
51,CYCRIPACIAGERRYGTCIYQGRLWAFCC,1
52,GLPVCGETCVGGTCNTPGCACSWPVCTRN,1
53,GLPVCGETCVGGTCNTPGCGCSWPVCTRN,1
54,IKLSPETKDNLKKVLKGAIKGAIAVAKMV,1
55,GDACGETCFTGICFTAGCSCNPWPTCTRN,1
56,GASCGETCFTGICFTAGCSCNPWPTCTRN,1
57,GEYCGESCYLIPCFTPGCYCVSRQCVNKN,1
58,GLPLCGETCVGGTCNTPGCSCGWPVCVRN,1
59,KRIRFFERIRDRLRDLGNRIKNRIRDFFS,1
60,ALLDKLKSLGKVVGKVALGVVQNYLNPRQ,1
61,GGLRSLGRKILRAWKKYGPIIVPIIRIG,1
62,IPCGESCVWIPCITAIAGCSCKNKVCYT,1
63,VLLVTLTRLHQRGVIYRKWRHFSGRKYR,1
64,FLGAILKIGHALAKTVLPMVTNAFKPKQ,1
65,AWLDKLKSIGKVVGKVAIGVAKNLLNPQ,1
66,FLGTVLKLGKAIAKTVVPMLTNAMQPKQ,1
67,FLGTVLKLGKAIAKTVVAMLTNAMQPKQ,1
68,FLGTVLKLGKAIAKTVVKMLTNAMQPKQ,1
69,GRFKRFRKKFKKLFKKLSPVIPLLHLG,1
70,FLGVALKLGKVLGKALLPLASSLLHSQ,1
71,GVFDTVKKIGKAVGKFALGVAKNYLNS,1
72,PVIRHYYGEYSTAALKHPPEDIAEETH,1
73,GLLQTIKEKLESLESLAKGIVSGIQA,1
74,ALWKDMLKGIGKLAGKAALGAVKTLV,1
75,QGSPARCRFCCRCCRRMSGCGVCCRF,1
76,GLLSVLGSVAQHVLPHVVPVIAEHL,1
77,GLLSVLGSVVKHVIPHVVPVIAEHL,1
78,GLFSVLGAVAKHVLPHVVPVIAEKL,1
79,GLFKVLGSVAKHLLPHVAPVIAEKL,1
80,GLLSVLGSVAKHVLPHVVPVIAEKL,1
81,GLLDTLKGAAKNVVGSLASKVMEKL,1
82,GLWSKIKDAAKTAGKAALGFVNEMV,1
83,GIFKDTLKKVVAAVLTTVADNIHPK,1
84,GRMQEFIKKLKAYLRKMKEKFSQIS,1
85,GLFKVLGSVAKHLLPHVVPVIAEK,1
86,GLFGVLGSIAKHVLPHVVPVIAEK,1
87,FLPLAVSLAANFLPKLFCKITKKC,1
88,FLPIIAGAAAKVVEKIFCAISKKC,1
89,FLPLLAGLAANFLPQIICKIARKC,1
90,FLPLLAGLAANFLPKIICKIARKC,1
91,FLPLLAGLAASFLPTIFCKISRKC,1
92,FFPIVAGVAAKVLKKIFCTISKKC,1
93,FLGALFKVASKLVPAAICSFSKKC,1
94,THPPTTTTTTTTTTTTTAAPATTT,1
95,GLFVGLAKVAAHNNPAIAEHFQA,1
96,ALWKDILKNAGKAALNEINQIVQ,1
97,GLMDMLKKVGKVALTVAKSALLP,1
98,FFPKVAGVAAKVLKKFCTISKKC,1
99,ALWKEVLKNAGKAALNEINNLV,1
100,RRRQRRKKRGGGDTRLNTVWMW,1
101,ALWKSILKNAGKAALNEINQIV,1
102,GFMKTAKNVAKNVAATLLKLLK,1
103,GFMKTWKNVWKNVAATLLKLLK,1
104,GLFGVLAKVAAHVVPAIAEHF,1
105,GLLGLLGSVVSHVVPAIVGHF,1
106,GLLGLLGSVVSHVLPAITQHL,1
107,FIHHIIGWISHGVRAIHRAIH,1
108,FLHHIVGLIHHGLSLFGDRAD,1
109,GLWSKIKNVAAAAGKAALGAL,1
110,GLLGKILGAGKKVLCGVSGLC,1
111,GLLGKILGAGKKVLLGVSGLL,1
112,SRSSRAGLQFPVGRIHRLLRK,1
113,TGIATSGATFTLHTGSLAPAT,1
114,ICIFCCGCCHRSKCGMCCKT,1
115,ILGPVLGLVSDTLDDVLGIL,1
116,FLGGLIKIVPAMICAVTKKC,1
117,LIGPVLGLVGSALGGLLKKI,1
118,ILGPVISTIGGVLGGLLKNL,1
119,SWKSMAKKLKEYMEKLKQRA,1
120,KRIGLIRLIGKILRGLRRLG,1
121,FIQHLIPLIPHAIQGIKDIF,1
122,KKRLKKIFKKPMVIGVTIPF,1
123,FLFSLIPSVIAGLVSAIRN,1
124,FLFSLIPSAIAGLVSAIRN,1
125,FLSLIPHIASGIASLVKNF,1
126,FLSLLPHIASGIASLVSKF,1
127,GIFDVLKNLAKGVITSLAS,1
128,GIFKVLKNLAKGVITSLAS,1
129,GIFDVLKNLAKGVITSLKS,1
130,GIFKVLKNLAKGVITSLKS,1
131,FLSLIPHAISAVSALAKHL,1
132,FLSLIPKAIKAVSALAKKL,1
133,FLSLIPKAIKAVKALAKKL,1
134,QCRRLCYKQRCVTYCRGR,1
135,GFVDFLKKVAGTIANVVT,1
136,GLLGPLLKIAAKVGSNLL,1
137,ALYKKLLKKLLKSAKKLG,1
138,SKVWRHWRRFWHRAHRLH,1
139,GKKLKKIGQKIKNFFQKL,1
140,GFKRIVQRIKDFLRNLV,1
141,FFSLLPSLIGGLVSAIK,1
142,FLGLIPALAGAIGNLIK,1
143,GLLDIVKKVVGAFGSL,1
144,GLFDIVKKVVGALGSL,1
145,GLFDIVKKVVGAIGSL,1
146,GLFDIVKKVVGTLAGL,1
147,GLFDIIKKVASVVGGL,1
148,GLFDIIKKVASVIGGL,1
149,ASVVNKLTGGVAGLLK,1
151,VNWKKILGKIIKVAK,1
152,GFGSKPIDSFGLSWL,1
153,LKLKSIVSWAKKVL,1
154,ILPILSLIGGLLGK,1
155,LNLKKLLKVAKKIL,1
156,KRFKKFFKKVKKSV,1
157,FLKGLMGVIASLFK,1
158,HGVSGHGQHGVHG,1
159,FLPLIGKVLSGIL,1
160,FLPLLASLFSRLF,1
161,FLPFLKSILGKIL,1
162,FLGALWNVAKSVF,1
163,LIKKLKEYLKKLI,1
164,FLPFLGKLFSGIF,1
165,FLSAIVGMLGKLF,1
166,FLKGLMGVIASLF,1
167,FLKKLMGVIASLF,1
168,FIGGLLKTLTSFF,1
169,GVSGHGQHGVHG,1
170,ILPIRSLIKKLL,1
171,FLPLKKLRFGLL,1
172,KTCENLADTY,1
173,RGSALTHLP,1
174,PQAAIVASG,1
175,DEDDD,1
176,DTAVTGLASPLSTGKILDQKAYSCANRLIVLCIENSFMTDARK ,1
177,ANIKLSVQMKLFKRHLKWKIIVKLNDGRELSLDA ,1
178,FIHHIIGWISHGVRAIHRAIHG,1
179,SPWSSASVTAGDGVDITRIR ,1
180,RRREKQRPCDKPRR ,1
181,INLEACLKRGRT   ,1
182,RCRLAERRQIAK  ,1
183,DFKLFAVTIKYR ,1
184,RLFDKIRQVIRKF,1
186,MEPECNLNCTD ,1
187,KITRCPMIPC ,1
188,GDGVDITRIR ,1
189,YGGFMA,1
