Sequence,Pred_Prob,length
PVIRHYYGEYSTAALKHPPEDIAEETH,0.001096838,27
PQAAIVASG,0.00110836,9
GFGSKPIDSFGLSWL,0.69633056,15
GGAPATSANAAGAAAIVGALAGIPGGPLGVVVGAVSAGLTTGIGSTVGSGSASSSAGGGS,0.7932153,60
SWKSMAKKLKEYMEKLKQRA,0.837553444,20
YRGGYTGPIPRPPPIGRPPFRPVCNACYRLSVSDARNCCIKFGSCCHLVK,0.8994666,50
THPPTTTTTTTTTTTTTAAPATTT,0.89998796,24
KFFRKLKKSVKKRAKEFFKKPRVIGVSIPF,0.90223,30
GTSCGETCVLLPCLSSVLGCTCQNKRCYKD,0.90564,30
FIHHIIGWISHGVRAIHRAIH,0.906901,21
GVITDALKGAAKTVAAELLKKAHCKLTNSC,0.90693,30
KRIRFFERIRDRLRDLGNRIKNRIRDFFS,0.907283,29
IPCGESCVWIPCITAIAGCSCKNKVCYT,0.908432,28
SILSLFKMGAKALGKTLIKQAGKAGAEYVACKATNQC,0.910051,37
ALYKKLLKKLLKSAKKLG,0.911002,18
FLSLLPHIASGIASLVSKF,0.911065,19
GLLGLLGSVVSHVVPAIVGHF,0.912343,21
HGVSGHGQHGVHG,0.913096,13
GIPCGESCVFIPCLTSAIDCSCKSKVCYRN,0.916207,30
LIKKLKEYLKKLI,0.917359,13
GIPCGESCVFIPCISSVIGCSCSSKVCYRN,0.918777,30
GFVDFLKKVAGTIANVVT,0.921446,18
ATCDLLSKWNWNHTACAGHCIAKGFKGGYCNDKAVCVCRN,0.921613,40
CETPSKHFNGLCIRSSNCASVCHGEHFTDGRCQGVRRRCMCLKPC,0.921928,45
DCYCRIPACIAGERRYGTCIYQGRLWAFCC,0.922833,30
FLGTVLKLGKAIAKTVVPMLTNAMQPKQ,0.924397,28
GLLGLLGSVVSHVLPAITQHL,0.925847,21
GLLGPLLKIAAKVGSNLL,0.927075,18
KRFKKFFKKVKKSV,0.927469,14
GRMQEFIKKLKAYLRKMKEKFSQIS,0.928772,25
SIFSLFKMGAKALGKTLLKQAGKAGAEYAACKATNQC,0.929693,37
TGIATSGATFTLHTGSLAPAT,0.930079,21
FLSLIPHIASGIASLVKNF,0.93342,19
SKVWRHWRRFWHRAHRLH,0.933638,18
GLFDIVKKVVGALGSL,0.934131,16
GLPVCGETCFGGTCNTPGCTCDPWPVCTRN,0.934188,30
SRSSRAGLQFPVGRIHRLLRK,0.935636,21
FLGAILKIGHALAKTVLPMVTNAFKPKQ,0.936435,28
ALWKEVLKNAGKAALNEINNLV,0.937234,22
ALWKSILKNAGKAALNEINQIV,0.937275,22
AWLDKLKSIGKVVGKVAIGVAKNLLNPQ,0.937283,28
FLGLIPALAGAIGNLIK,0.937665,17
FLPFLGKLFSGIF,0.940877,13
VLLVTLTRLHQRGVIYRKWRHFSGRKYR,0.941925,28
QCRRLCYKQRCVTYCRGR,0.94264,18
GLPLCGETCVGGTCNTPGCSCGWPVCVRN,0.943258,29
GEYCGESCYLIPCFTPGCYCVSRQCVNKN,0.950075,29
GFKRIVQRIKDFLRNLV,0.95136,17
GSVIKCGESCLLGKCYTPGCTCSRPICKKD,0.953387,30
GLLDIVKKVVGAFGSL,0.953946,16
FLKGLMGVIASLF,0.95412,13
GLFGVLAKVAAHVVPAIAEHF,0.956987,21
RRRPRPPYLPRPRPPPFFPPRLPPRIPPGFPPRFPPRFP,0.959095,39
GPKTKAACKMACKLATCGKKPGGWKCKLCELGCDAV,0.95938,36
GLWSKIKDAAKTAGKAALGFVNEMV,0.961536,25
GIINTLQKYYCRVRGGRCAVLSCLPKEEQIGKCSTRGRKCCRRKK,0.963516,45
FLGALWNVAKSVF,0.96364,13
GGLRSLGRKILRAWKKYGPIIVPIIRIG,0.963985,28
ALLDKLKSLGKVVGKVALGVVQNYLNPRQ,0.964937,29
SPRVRRRYGRPFGGRPFVGGQFGGRPGCVCIRSPCPCANYG,0.965239,41
NLVSALIEGRKYLKNVLKKLNRLKEKNKAKNSKENN,0.965706,36
FLKGLMGVIASLFK,0.967405,14
GLFKVLGSVAKHLLPHVAPVIAEKL,0.968266,25
GFMKTAKNVAKNVAATLLKLLK,0.968362,22
FLPKTLRKFFCRIRGGRCAVLNCLGKEEQIGRCSNSGRKCCRKKK,0.96958,45
GDACGETCFTGICFTAGCSCNPWPTCTRN,0.969935,29
GLLGKILGAGKKVLLGVSGLL,0.97165,21
IKLSPETKDNLKKVLKGAIKGAIAVAKMV,0.977735,29
GKKLKKIGQKIKNFFQKL,0.977805,18
RRRQRRKKRGGGDTRLNTVWMW,0.978045,22
FIGGLLKTLTSFF,0.978418,13
GASCGETCFTGICFTAGCSCNPWPTCTRN,0.979029,29
GWLKKIGKKIERVGQHTRDATIQTIGVAQQAANVAATLK,0.979424,39
GLLDTLKGAAKNVVGSLASKVMEKL,0.982513,25
FLKKLMGVIASLF,0.983523,13
FFSLLPSLIGGLVSAIK,0.985226,17
GLLSVLGSVAKHVLPHVVPVIAEKL,0.985867,25
RWKIFKKIEKVGQNIRDGIVKAGPAVAVVGQAATI,0.987292,35
FLPLIGKVLSGIL,0.987486,13
FLSAIVGMLGKLF,0.988775,13
GIFKDTLKKVVAAVLTTVADNIHPK,0.989692,25
ICIFCCGCCHRSKCGMCCKT,0.989713,20
GFMKTWKNVWKNVAATLLKLLK,0.992623,22
HSDGIFTDSYSRYRKQMAVKKYLAAVLGRRYRQRFRNK,0.995606,38
ACVNQCPDAIDRFIVKDKGCHGVEKKYYKQVYVACMNGQHLYCRTEWGGPCQL,1,53
GRRRRSVQWCAVSQPEATKCFQWQRNMRKVRGPPVSCIKRDSPIQCIQA,1,49
RECKTESNTFPGICITKPPCRKACISEKFTDGHCSKILRRCLCTKPC,1,47
KSCCRNTWARNCYNVCRLPGTISREICAKKCDCKIISGTTCPSDYPK,1,47
PMPVSQECFETLRGHERILSILRHQNLLKELQDLALQGAKERAHQQ,1,46
RWKLFKKIEKVGRNVRDGLIKAGPAIAVIGQAKSL,1,35
GIKEMLCNMACAQTVCKKSGGPLCDTCQAACKALG,1,35
KRFKKFFKKVKKSVKKRLKKIFKKPMVIGVTIPF,1,34
GLLRKGGEKIGEKLKKIGQKIKNFFQKLVPQPEQ,1,34
CHTNGGYCVRAICPPSARRPGSCFPEKNPCCKYM,1,34
KRMGIFHLFWAGLRKLGNLIKNKIQQGIENFLG,1,33
GLLRKGGEKIGEKLKKIGQKIKNFFQKLVPQPE,1,33
GIPCAESCVWIPPCTITALMGCSCKNNVCYNN,1,32
GMWSKIKETAMAAAKEAAKAAGKTISDMIKQ,1,31
GFLDIIKDTGKEFAVKILNNLKCKLAGGCPP,1,31
ALWKTMLKKLGTVALHAGKAALGAVADTISQ,1,31
GFPCGESCVYIPCFTAAIGCSCKSKVCYKN,1,30
GLPVCGETCVGGTCNTPGCGCSWPVCTRN,1,29
GLPVCGETCVGGTCNTPGCACSWPVCTRN,1,29
CYCRIPACIAGERRYGTCIYQGRLWAFCC,1,29
FLGTVLKLGKAIAKTVVKMLTNAMQPKQ,1,28
FLGTVLKLGKAIAKTVVAMLTNAMQPKQ,1,28
GVFDTVKKIGKAVGKFALGVAKNYLNS,1,27
GRFKRFRKKFKKLFKKLSPVIPLLHLG,1,27
FLGVALKLGKVLGKALLPLASSLLHSQ,1,27
QGSPARCRFCCRCCRRMSGCGVCCRF,1,26
GLLQTIKEKLESLESLAKGIVSGIQA,1,26
ALWKDMLKGIGKLAGKAALGAVKTLV,1,26
GLLSVLGSVVKHVIPHVVPVIAEHL,1,25
GLLSVLGSVAQHVLPHVVPVIAEHL,1,25
GLFSVLGAVAKHVLPHVVPVIAEKL,1,25
GLFKVLGSVAKHLLPHVVPVIAEK,1,24
GLFGVLGSIAKHVLPHVVPVIAEK,1,24
FLPLLAGLAASFLPTIFCKISRKC,1,24
FLPLLAGLAANFLPQIICKIARKC,1,24
FLPLLAGLAANFLPKIICKIARKC,1,24
FLPLAVSLAANFLPKLFCKITKKC,1,24
FLPIIAGAAAKVVEKIFCAISKKC,1,24
FLGALFKVASKLVPAAICSFSKKC,1,24
FFPIVAGVAAKVLKKIFCTISKKC,1,24
GLMDMLKKVGKVALTVAKSALLP,1,23
GLFVGLAKVAAHNNPAIAEHFQA,1,23
FFPKVAGVAAKVLKKFCTISKKC,1,23
ALWKDILKNAGKAALNEINQIVQ,1,23
GLWSKIKNVAAAAGKAALGAL,1,21
GLLGKILGAGKKVLCGVSGLC,1,21
FLHHIVGLIHHGLSLFGDRAD,1,21
LIGPVLGLVGSALGGLLKKI,1,20
KRIGLIRLIGKILRGLRRLG,1,20
KKRLKKIFKKPMVIGVTIPF,1,20
ILGPVLGLVSDTLDDVLGIL,1,20
ILGPVISTIGGVLGGLLKNL,1,20
FLGGLIKIVPAMICAVTKKC,1,20
FIQHLIPLIPHAIQGIKDIF,1,20
FLFSLIPSVIAGLVSAIRN,1,19
FLFSLIPSAIAGLVSAIRN,1,19
GLFDIVKKVVGTLAGL,1,16
GLFDIVKKVVGAIGSL,1,16
GLFDIIKKVASVVGGL,1,16
GLFDIIKKVASVIGGL,1,16
ASVVNKLTGGVAGLLK,1,16
VNWKKILGKIIKVAK,1,15
LNLKKLLKVAKKIL,1,14
LKLKSIVSWAKKVL,1,14
ILPILSLIGGLLGK,1,14
FLPLLASLFSRLF,1,13
FLPFLKSILGKIL,1,13
ILPIRSLIKKLL,1,12
GVSGHGQHGVHG,1,12
FLPLKKLRFGLL,1,12
KTCENLADTY,1,10
RGSALTHLP,1,9
